averageLifeSpan,percentageOfDeath,Country
7.939546471,3.5079959,Aleppo
7.887562737,2.3165235,Colombia
7.892755325,2.1953141,Iran
7.863065655,1.7330441,Lebanon
7.942628358,3.4048793,Nairobi
7,2.175171,Karachi
7.83989038,1.6216945,Saudiarabia
4.918604651,0.0972224,Thailand
4.960714286,0.0921092,Turkey
7.911218725,2.5847322,Venezuela
7.914797043,2.5551134,Yemen
